fc,beta,pwp,l,ks,ki,kb,kperc,coeff_pet,ddf,scf,ts,tm,tti,whc,crf,maxbas,station_id
403.89506584621336,1.961225091655941,0.9435404485916258,268.26102208968484,0.47963377581107974,0.1862216779571836,0.2755894141295959,0.8824329340688768,1.6372539706771871,7.97903191389529,0.9584228765323924,1.9122349936125103,-0.6110361095960706,2.9072400378379375,0.031883685341822135,0.6618280660319826,8.633857284643893,01094400
